"Ultiboard Information Export File"

"Design Name  : Driver - Part centroids"
"Report Date  : 28 September 2017"
"Report Time  : 02:19"
"--------------------------------------------------------------------------------"

"REFDES","VALUE","SHAPE","X_CENTRE[mil]","Y_CENTRE[mil]","ROT","SIDE","TYPE","SCHEMATICVARIANTS","DEVICE","LIBRARYTREEID","NAME","PACKAGE"

"A","TEST_PT_THT","PB","-826.77165","34.85831","0","TOP","THD","","HEADERS_TEST","138","","Generic\TEST_PT_THT"
"B","TEST_PT_THT","PB","27.00000","-718.00000","0","TOP","THD","","HEADERS_TEST","138","","Generic\TEST_PT_THT"
"C","TEST_PT_THT","PB","826.77165","34.85831","0","TOP","THD","","HEADERS_TEST","138","","Generic\TEST_PT_THT"
"C7",".1u 50V","CAPC1005X60N","525.00000","1059.00000","180","TOP","SMD","","CAPACITOR","","","IPC-7351\Chip-C0402"
"C11","4.7uF","CAPC3216X180N","699.00000","898.00000","0","TOP","SMD","","CAPACITOR","","","IPC-7351\Chip-C1206"
"C12","10uF","CAPC2012X145N","691.00000","808.00000","180","TOP","SMD","SIMPLE,","CAPACITOR","","","IPC-7351\Chip-C0805"
"C13",".1uF","CAPC1005X60N","-958.00000","1180.00000","315","TOP","SMD","","CAPACITOR","","","IPC-7351\Chip-C0402"
"C14",".1uF","CAPC1005X60N","-1180.00000","958.00000","135","TOP","SMD","","CAPACITOR","","","IPC-7351\Chip-C0402"
"C18","1uF","CAPAE660X570N","815.00000","-260.00000","0","BOTTOM","SMD","","CAP_ELECTROLIT","","","IPC-7351\AlumElec-CaseD2"
"C19","1uF","CAPAE660X570N","-815.00000","-260.00000","180","BOTTOM","SMD","","CAP_ELECTROLIT","","","IPC-7351\AlumElec-CaseD2"
"C20","22uF","CAPC3225X279N","848.00000","-551.00000","180","TOP","SMD","","CAPACITOR","","","IPC-7351\Chip-C1210"
"C24","1uF","CAPAE660X570N","-260.00000","-815.00000","90","BOTTOM","SMD","","CAP_ELECTROLIT","","","IPC-7351\AlumElec-CaseD2"
"C25","1uF","CAPAE660X570N","260.00000","-815.00000","90","BOTTOM","SMD","","CAP_ELECTROLIT","","","IPC-7351\AlumElec-CaseD2"
"C26","22uF","CAPC3225X279N","-848.00000","-551.00000","0","TOP","SMD","","CAPACITOR","","","IPC-7351\Chip-C1210"
"C30","1uF","CAPAE660X570N","815.00000","260.00000","0","BOTTOM","SMD","","CAP_ELECTROLIT","","","IPC-7351\AlumElec-CaseD2"
"C31","1uF","CAPAE660X570N","-815.00000","260.00000","180","BOTTOM","SMD","","CAP_ELECTROLIT","","","IPC-7351\AlumElec-CaseD2"
"C32","22uF","CAPC3225X279N","0.00000","741.00000","90","TOP","SMD","","CAPACITOR","","","IPC-7351\Chip-C1210"
"D1","10BQ015","SOD-123F","481.00000","984.00000","180","TOP","SMD","","Single","","","Ultiboard\SOD-123F"
"J1","HDR2X3","HDR2X3","-764.38240","764.38240","135","BOTTOM","THD","","HEADERS_TEST","82","","Generic\HDR2X3"
"J2","HDR2X10","2178711-0","0.00000","-964.56693","0","TOP","SMD","","HEADERS_TEST","","","Ultiboard\2178711-0"
"J8","HDR1X2","HDR1X2","0.00000","984.25197","180","TOP","THD","","HEADERS_TEST","82","","Generic\HDR1X2"
"L1","22uH","VLS5045EX","671.00000","884.00000","225","BOTTOM","SMD","","INDUCTOR","","","Ultiboard\VLS5045EX"
"LED1","LED","D0603","840.00000","-840.00000","225","TOP","SMD","","LED","","","Ultiboard\D0603"
"LED2","LED","D0603","-840.00000","-840.00000","135","TOP","SMD","","LED","","","Ultiboard\D0603"
"LED3","LED","D0603","840.00000","840.00000","315","TOP","SMD","","LED","","","Ultiboard\D0603"
"LED4","LED","D0603","0.00000","-1175.00000","0","TOP","SMD","","LED","","","Ultiboard\D0603"
"NEG","TEST_PT_THT","PB","-232.34957","792.42571","0","TOP","THD","","HEADERS_TEST","138","","Generic\TEST_PT_THT"
"POS","TEST_PT_THT","PB","232.00000","792.00000","0","TOP","THD","","HEADERS_TEST","138","","Generic\TEST_PT_THT"
"R4","500Ohm","RESC1005X40N","-137.00000","-1175.00000","0","TOP","SMD","","RESISTOR","","","IPC-7351\Chip-R0402"
"R5","20kOhm","RESC1005X40N","552.00000","795.00000","180","TOP","SMD","","RESISTOR","","","IPC-7351\Chip-R0402"
"R6","20kOhm","RESC1005X40N","438.00000","799.00000","0","TOP","SMD","","RESISTOR","","","IPC-7351\Chip-R0402"
"R7","10kOhm","RESC1005X40N","418.00000","856.00000","270","TOP","SMD","","RESISTOR","","","IPC-7351\Chip-R0402"
"R9","20kOhm","RESC1005X40N","-509.00000","-787.00000","180","TOP","SMD","","RESISTOR","","","IPC-7351\Chip-R0402"
"R11","10kOhm","RESC1005X40N","-442.00000","-787.00000","180","TOP","SMD","","RESISTOR","","","IPC-7351\Chip-R0402"
"R12","10kOhm","RESC1005X40N","-910.00000","1131.00000","135","TOP","SMD","","RESISTOR","","","IPC-7351\Chip-R0402"
"R13","1kOhm","RESC1005X40N","-533.00000","248.00000","270","TOP","SMD","","RESISTOR","","","IPC-7351\Chip-R0402"
"R16","10kOhm","RESC1005X40N","-471.00000","248.00000","90","TOP","SMD","","RESISTOR","","","IPC-7351\Chip-R0402"
"R18","1kOhm","RESC1005X40N","-502.00000","248.00000","90","TOP","SMD","","RESISTOR","","","IPC-7351\Chip-R0402"
"R19","1kOhm","RESC1005X40N","-517.00000","-440.00000","270","TOP","SMD","","RESISTOR","","","IPC-7351\Chip-R0402"
"R20","1kOhm","RESC1005X40N","323.00000","284.00000","270","TOP","SMD","","RESISTOR","","","IPC-7351\Chip-R0402"
"R23","10kOhm","RESC1005X40N","385.00000","284.00000","90","TOP","SMD","","RESISTOR","","","IPC-7351\Chip-R0402"
"R25","1kOhm","RESC1005X40N","354.00000","284.00000","90","TOP","SMD","","RESISTOR","","","IPC-7351\Chip-R0402"
"R26","1kOhm","RESC1005X40N","224.00000","-610.00000","270","TOP","SMD","","RESISTOR","","","IPC-7351\Chip-R0402"
"R27","1kOhm","RESC1005X40N","464.00000","284.00000","270","TOP","SMD","","RESISTOR","","","IPC-7351\Chip-R0402"
"R30","10kOhm","RESC1005X40N","526.00000","284.00000","90","TOP","SMD","","RESISTOR","","","IPC-7351\Chip-R0402"
"R32","1kOhm","RESC1005X40N","495.00000","284.00000","90","TOP","SMD","","RESISTOR","","","IPC-7351\Chip-R0402"
"R33","1kOhm","RESC1005X40N","407.00000","-194.00000","270","TOP","SMD","","RESISTOR","","","IPC-7351\Chip-R0402"
"R34","500Ohm","RESC1005X40N","821.00000","-755.00000","270","TOP","SMD","","RESISTOR","","","IPC-7351\Chip-R0402"
"R35","10kOhm","RESC1005X40N","786.00000","-791.00000","90","TOP","SMD","","RESISTOR","","","IPC-7351\Chip-R0402"
"R36","500Ohm","RESC1005X40N","-592.00000","-909.00000","180","TOP","SMD","","RESISTOR","","","IPC-7351\Chip-R0402"
"R37","10kOhm","RESC1005X40N","-764.00000","-808.00000","270","TOP","SMD","","RESISTOR","","","IPC-7351\Chip-R0402"
"R38","500Ohm","RESC1005X40N","815.00000","753.00000","90","TOP","SMD","","RESISTOR","","","IPC-7351\Chip-R0402"
"R39","10kOhm","RESC1005X40N","853.00000","698.00000","90","TOP","SMD","","RESISTOR","","","IPC-7351\Chip-R0402"
"S1","SS411A","TO130P240X400X520-3B","769.64382","-712.51398","222","BOTTOM","THD","","Phototransistors","","H1","Generic\TO130P240X400X520-3B"
"S2","SS411A","TO130P240X400X520-3B","-653.00366","-820.73504","308","BOTTOM","THD","","Phototransistors","","H2","Generic\TO130P240X400X520-3B"
"S3","SS411A","TO130P240X400X520-3B","768.03343","714.24201","137","BOTTOM","THD","","Phototransistors","","H3","Generic\TO130P240X400X520-3B"
"U5","AOZ1282","SOT95P280X100-6N","514.00000","875.00000","0","TOP","SMD","","Buck","","","IPC-7351\TSOT23-6"
"U6","MLX90363","SOIC127P600X175-8N","-1064.99996","1064.99996","45","TOP","SMD","","Sensors","","","IPC-7351\SOIC-8"
"U7","VN610SP-E","PowerSO-10","-848.00000","327.00000","0","TOP","SMD","","MOSFET","","","Ultiboard\PowerSO-10"
"U9","VNB35NV04TR-E","TO254P1530X450-3_4N","-736.96063","-275.00000","180","TOP","SMD","","MOSFET","","","NXP Semiconductors\D2PAK-3(SOT404)"
"U10","VN610SP-E","PowerSO-10","0.00000","424.00000","0","TOP","SMD","","MOSFET","","","Ultiboard\PowerSO-10"
"U12","VNB35NV04TR-E","TO254P1530X450-3_4N","-77.46063","-492.12598","180","TOP","SMD","","MOSFET","","","NXP Semiconductors\D2PAK-3(SOT404)"
"U13","VN610SP-E","PowerSO-10","848.00000","327.00000","180","TOP","SMD","","MOSFET","","","Ultiboard\PowerSO-10"
"U15","VNB35NV04TR-E","TO254P1530X450-3_4N","736.96063","-275.00000","0","TOP","SMD","","MOSFET","","","NXP Semiconductors\D2PAK-3(SOT404)"
