"Ultiboard Information Export File"

"Design Name  : Driver - Bill of materials"
"Report Date  : 28 September 2017"
"Report Time  : 02:19"
"--------------------------------------------------------------------------------"

"VALUE","SHAPE","#","REFDES","SCHEMATICVARIANTS",,,,

".1u 50V","CAPC1005X60N","1","C7",""
".1uF","CAPC1005X60N","2","C13,C14",""
"1kOhm","RESC1005X40N","9","R13,R18,R19,R20,R25,R26,R27,R32,R33",""
"1uF","CAPAE660X570N","6","C18,C19,C24,C25,C30,C31",""
"4.7uF","CAPC3216X180N","1","C11",""
"10BQ015","SOD-123F","1","D1",""
"10kOhm","RESC1005X40N","9","R7,R11,R12,R16,R23,R30,R35,R37,R39",""
"10uF","CAPC2012X145N","1","C12","SIMPLE,"
"20kOhm","RESC1005X40N","3","R5,R6,R9",""
"22uF","CAPC3225X279N","3","C20,C26,C32",""
"22uH","VLS5045EX","1","L1",""
"500Ohm","RESC1005X40N","4","R4,R34,R36,R38",""
"AOZ1282","SOT95P280X100-6N","1","U5",""
"HDR1X2","HDR1X2","1","J8",""
"HDR2X3","HDR2X3","1","J1",""
"HDR2X10","2178711-0","1","J2",""
"LED","D0603","4","LED1,LED2,LED3,LED4",""
"MLX90363","SOIC127P600X175-8N","1","U6",""
"SS411A","TO130P240X400X520-3B","3","S1,S2,S3",""
"TEST_PT_THT","PB","5","A,B,C,NEG,POS",""
"VN610SP-E","PowerSO-10","3","U7,U10,U13",""
"VNB35NV04TR-E","TO254P1530X450-3_4N","3","U9,U12,U15",""
