"Ultiboard Information Export File"

"Design Name  : Driver - Part centroids"
"Report Date  : 25 November 2019"
"Report Time  : 17:37"
"--------------------------------------------------------------------------------"

"REFDES","VALUE","X_CENTRE[mil]","Y_CENTRE[mil]","ROT","SIDE","TYPE",,"DEVICE","PACKAGE","FOOTPRINT",,,,,

"A","TEST_PT_THT","826.77165","0.00000","180","TOP","THD","HEADERS_TEST","Generic\TEST_PT_THT","PB"
"B","TEST_PT_THT","0.00000","-710.00000","0","TOP","THD","HEADERS_TEST","Generic\TEST_PT_THT","PB"
"C","TEST_PT_THT","-826.77165","0.00000","180","TOP","THD","HEADERS_TEST","Generic\TEST_PT_THT","PB"
"C1","1uF 6V","204.00000","560.00000","0","TOP","SMD","CAPACITOR","IPC-7351\Chip-C0402","CAPC1005X60N"
"C2","1uF 6V","-134.00000","496.00000","270","TOP","SMD","CAPACITOR","IPC-7351\Chip-C0402","CAPC1005X60N"
"C3","1uF 6V","-58.00000","239.00000","90","TOP","SMD","CAPACITOR","IPC-7351\Chip-C0402","CAPC1005X60N"
"C4","1uF 6V","276.00000","281.00000","90","TOP","SMD","CAPACITOR","IPC-7351\Chip-C0402","CAPC1005X60N"
"C5","1uF 6V","318.00000","485.00000","270","TOP","SMD","CAPACITOR","IPC-7351\Chip-C0402","CAPC1005X60N"
"C6","1uF 6V","22.00000","606.00000","90","TOP","SMD","CAPACITOR","IPC-7351\Chip-C0402","CAPC1005X60N"
"C7","1uF 6V","103.00000","585.00000","90","TOP","SMD","CAPACITOR","IPC-7351\Chip-C0402","CAPC1005X60N"
"C8","12pF 6V","-322.00000","464.00000","90","TOP","SMD","CAPACITOR","IPC-7351\Chip-C0402","CAPC1005X60N"
"C9","12pF 6V","-134.00000","426.00000","270","TOP","SMD","CAPACITOR","IPC-7351\Chip-C0402","CAPC1005X60N"
"C10","0.1uF 6V","284.00000","451.00000","270","TOP","SMD","CAPACITOR","IPC-7351\Chip-C0402","CAPC1005X60N"
"C11","0.1uF 16V","981.99996","595.00004","90","TOP","SMD","CAPACITOR","IPC-7351\Chip-C0402","CAPC1005X60N"
"C12","4.7uF 50V","916.99996","648.00000","90","TOP","SMD","CAPACITOR","IPC-7351\Chip-C1206","CAPC3216X180N"
"C13","10uF 16V","1058.00000","313.00000","0","TOP","SMD","CAPACITOR","IPC-7351\Chip-C0805","CAPC2012X145N"
"C14","0.1uF 6V","-188.78098","1026.29874","225","TOP","SMD","CAPACITOR","IPC-7351\Chip-C0402","CAPC1005X60N"
"C15","10uF 16V","574.00000","427.00000","180","TOP","SMD","CAPACITOR","IPC-7351\Chip-C0805","CAPC2012X145N"
"C16","10uF 6V","381.00000","266.00000","90","TOP","SMD","CAPACITOR","IPC-7351\Chip-C0603","CAPC1608X95N"
"C17","0.1uF 6V","204.00000","1185.00000","0","TOP","SMD","CAPACITOR","IPC-7351\Chip-C0402","CAPC1005X60N"
"C18","0.1uF 6V","240.00000","997.00000","0","TOP","SMD","CAPACITOR","IPC-7351\Chip-C0402","CAPC1005X60N"
"C19","1uF 6V","302.00000","555.00000","90","TOP","SMD","CAPACITOR","IPC-7351\Chip-C0402","CAPC1005X60N"
"C20","0.1uF 6V","-598.00000","126.00000","180","TOP","SMD","CAPACITOR","IPC-7351\Chip-C0402","CAPC1005X60N"
"C21","0.1uF 6V","-46.00000","1060.00000","180","TOP","SMD","CAPACITOR","IPC-7351\Chip-C0402","CAPC1005X60N"
"C22","0.1uF 16V","726.00000","-451.00000","270","TOP","SMD","CAPACITOR","IPC-7351\Chip-C0402","CAPC1005X60N"
"C23","1uF 16V","1075.00000","-412.00000","90","TOP","SMD","CAPACITOR","IPC-7351\Chip-C0603","CAPC1608X95N"
"C24","220uF 50V","800.00000","275.00000","0","BOTTOM","THD","CAP_ELECTROLIT","Ultiboard\CAPPR350-800X1150","CAPPR350-800X1150"
"C25","220uF 50V","800.00000","-275.00000","0","BOTTOM","THD","CAP_ELECTROLIT","Ultiboard\CAPPR350-800X1150","CAPPR350-800X1150"
"C26","10uF 50V","256.00000","-1058.00000","270","TOP","SMD","CAPACITOR","IPC-7351\Chip-C1206","CAPC3216X180N"
"C27","10uF 50V","525.00000","-846.00000","90","TOP","SMD","CAPACITOR","IPC-7351\Chip-C1206","CAPC3216X180N"
"C28","0.1uF 16V","-429.00000","-1032.00000","270","TOP","SMD","CAPACITOR","IPC-7351\Chip-C0402","CAPC1005X60N"
"C29","1uF 16V","-189.00000","-1134.00000","180","TOP","SMD","CAPACITOR","IPC-7351\Chip-C0603","CAPC1608X95N"
"C30","220uF 50V","250.00000","-800.00000","90","BOTTOM","THD","CAP_ELECTROLIT","Ultiboard\CAPPR350-800X1150","CAPPR350-800X1150"
"C31","220uF 50V","-250.00000","-800.00000","90","BOTTOM","THD","CAP_ELECTROLIT","Ultiboard\CAPPR350-800X1150","CAPPR350-800X1150"
"C32","10uF 50V","169.00000","-1058.00000","270","TOP","SMD","CAPACITOR","IPC-7351\Chip-C1206","CAPC3216X180N"
"C33","10uF 50V","-651.00000","-785.00000","180","TOP","SMD","CAPACITOR","IPC-7351\Chip-C1206","CAPC3216X180N"
"C34","0.1uF 16V","-782.00000","-534.00000","270","TOP","SMD","CAPACITOR","IPC-7351\Chip-C0402","CAPC1005X60N"
"C35","1uF 16V","-1032.00000","-417.00000","90","TOP","SMD","CAPACITOR","IPC-7351\Chip-C0603","CAPC1608X95N"
"C36","220uF 50V","-800.00000","-275.00000","180","BOTTOM","THD","CAP_ELECTROLIT","Ultiboard\CAPPR350-800X1150","CAPPR350-800X1150"
"C37","220uF 50V","-800.00000","275.00000","180","BOTTOM","THD","CAP_ELECTROLIT","Ultiboard\CAPPR350-800X1150","CAPPR350-800X1150"
"C38","10uF 50V","612.00000","-846.00000","90","TOP","SMD","CAPACITOR","IPC-7351\Chip-C1206","CAPC3216X180N"
"C39","10uF 50V","-651.00000","-872.00000","180","TOP","SMD","CAPACITOR","IPC-7351\Chip-C1206","CAPC3216X180N"
"D1","1SMB51AT3G","785.00008","-784.99996","45","TOP","SMD","TVS_DIODE_SMB_ON_Semi_1SMB","Ultiboard\DIOM5538X226N","DIOM5538X226N"
"D2","10BQ015","1038.00000","438.00000","270","TOP","SMD","Single","Ultiboard\SOD-123F","SOD-123F"
"D3","NSR0340HT1G","712.00000","428.00000","0","TOP","SMD","SCHOTTKY_DIODE","ON Semiconductor\SOD-323-2(CASE 477-02H)","SOD2512X110N"
"D4","10BQ015","892.00000","-585.00000","0","TOP","SMD","Single","Ultiboard\SOD-123F","SOD-123F"
"D5","BYS10-45-E3/TR","832.00000","-175.00000","180","TOP","SMD","SCHOTTKY_DIODE","Vishay\DO-214AC(DO-214AC)","DIOM5127X229N"
"D6","BYS10-45-E3/TR","498.99996","-313.99996","135","TOP","SMD","SCHOTTKY_DIODE","Vishay\DO-214AC(DO-214AC)","DIOM5127X229N"
"D7","10BQ015","-552.00000","-982.00000","180","TOP","SMD","Single","Ultiboard\SOD-123F","SOD-123F"
"D8","BYS10-45-E3/TR","163.00000","-682.00000","90","TOP","SMD","SCHOTTKY_DIODE","Vishay\DO-214AC(DO-214AC)","DIOM5127X229N"
"D9","BYS10-45-E3/TR","137.00000","-396.00000","90","TOP","SMD","SCHOTTKY_DIODE","Vishay\DO-214AC(DO-214AC)","DIOM5127X229N"
"D10","10BQ015","-751.00000","-409.00000","90","TOP","SMD","Single","Ultiboard\SOD-123F","SOD-123F"
"D11","BYS10-45-E3/TR","-851.00000","-181.00000","0","TOP","SMD","SCHOTTKY_DIODE","Vishay\DO-214AC(DO-214AC)","DIOM5127X229N"
"D12","BYS10-45-E3/TR","-545.99996","-233.99996","45","TOP","SMD","SCHOTTKY_DIODE","Vishay\DO-214AC(DO-214AC)","DIOM5127X229N"
"ISP","ISP","-231.00004","274.00000","0","TOP","SMD","Ribbon","Ultiboard\J-Link 6-pin","J-Link 6-pin"
"J1","TEST_PT_THT","232.00000","792.00000","0","TOP","THD","HEADERS_TEST","Generic\TEST_PT_THT","PB"
"J2","TEST_PT_THT","-232.34957","792.42571","0","TOP","THD","HEADERS_TEST","Generic\TEST_PT_THT","PB"
"J3","HDR1X3","0.00000","792.00000","90","TOP","THD","HEADERS_TEST","Generic\HDR1X3","HDR1X3"
"J4","HDR1X2","-714.00000","394.00000","180","TOP","SMD","HEADERS_TEST","Ultiboard\WireToBoard-2","WireToBoard-2"
"J5","HDR1X4","0.00000","1009.00000","0","TOP","SMD","HEADERS_TEST","Ultiboard\WireToBoard-4","WireToBoard-4"
"J6","HDR1X2","-824.64469","816.35531","45","TOP","THD","HEADERS_TEST","Generic\HDR1X2","HDR1X2"
"J7","HDR2X3","0.00000","0.00000","0","TOP","SMD","HEADERS_TEST","Ultiboard\MLX90363-Daughter-Mount","MLX90363-Daughter-Mount"
"L1","22uH","888.00000","426.00000","270","TOP","SMD","INDUCTOR","Ultiboard\VLS5045EX","VLS5045EX"
"LED1","LED","-113.00000","607.00000","180","TOP","SMD","LED","Ultiboard\D0603","D0603"
"NB1","NETBRIDGE","672.50000","252.00000","0","TOP","UNKNOWN","","","NB1"
"NB2","NETBRIDGE","-354.00000","1091.00000","0","TOP","UNKNOWN","","","NB-8"
"Q1","BUK7Y18-75B","388.00000","-769.47244","270","TOP","SMD","POWER_MOS_N","NXP Semiconductors\LFPAK-5(SOT669)","TO127P600X120-5N"
"Q2","BUK7Y18-75B","349.60433","-393.60437","315","TOP","SMD","POWER_MOS_N","NXP Semiconductors\LFPAK-5(SOT669)","TO127P600X120-5N"
"Q3","BUK7Y18-75B","27.00000","-938.47244","270","TOP","SMD","POWER_MOS_N","NXP Semiconductors\LFPAK-5(SOT669)","TO127P600X120-5N"
"Q4","BUK7Y18-75B","-162.00000","-467.47244","270","TOP","SMD","POWER_MOS_N","NXP Semiconductors\LFPAK-5(SOT669)","TO127P600X120-5N"
"Q5","BUK7Y18-75B","-382.00000","-703.47244","270","TOP","SMD","POWER_MOS_N","NXP Semiconductors\LFPAK-5(SOT669)","TO127P600X120-5N"
"Q6","BUK7Y18-75B","-363.60437","-325.60433","225","TOP","SMD","POWER_MOS_N","NXP Semiconductors\LFPAK-5(SOT669)","TO127P600X120-5N"
"R1","1kOhm","-119.00000","552.00000","0","TOP","SMD","RESISTOR","IPC-7351\Chip-R0402","RESC1005X40N"
"R2","1kOhm","-68.00000","519.00000","90","TOP","SMD","RESISTOR","IPC-7351\Chip-R0402","RESC1005X40N"
"R3","100kOhm","794.99996","553.00000","0","TOP","SMD","RESISTOR","IPC-7351\Chip-R0402","RESC1005X40N"
"R4","140kOhm","735.00000","740.99996","270","TOP","SMD","RESISTOR","IPC-7351\Chip-R0402","RESC1005X40N"
"R5","10kOhm","793.99996","759.99996","180","TOP","SMD","RESISTOR","IPC-7351\Chip-R0402","RESC1005X40N"
"R6","5mOhm","-413.00000","968.00000","135","TOP","SMD","RESISTOR","Ultiboard\FCSL64","FCSL64"
"R7","100kOhm","738.00000","347.00000","0","TOP","SMD","RESISTOR","IPC-7351\Chip-R0402","RESC1005X40N"
"R8","140kOhm","738.00000","209.00000","0","TOP","SMD","RESISTOR","IPC-7351\Chip-R0402","RESC1005X40N"
"R9","100kOhm","308.00000","1089.00000","90","TOP","SMD","RESISTOR","IPC-7351\Chip-R0402","RESC1005X40N"
"R10","10kOhm","669.00000","347.00000","0","TOP","SMD","RESISTOR","IPC-7351\Chip-R0402","RESC1005X40N"
"R11","100kOhm","669.00000","209.00000","0","TOP","SMD","RESISTOR","IPC-7351\Chip-R0402","RESC1005X40N"
"R12","10kOhm","308.00000","1018.00000","90","TOP","SMD","RESISTOR","IPC-7351\Chip-R0402","RESC1005X40N"
"R13","1kOhm","336.00000","555.00000","270","TOP","SMD","RESISTOR","IPC-7351\Chip-R0402","RESC1005X40N"
"R14","10kOhm","-534.00000","367.00000","0","TOP","SMD","RESISTOR","IPC-7351\Chip-R0402","RESC1005X40N"
"R15","10Ohm","85.00000","636.00000","0","TOP","SMD","RESISTOR","IPC-7351\Chip-R0402","RESC1005X40N"
"R16","10Ohm","85.00000","669.00000","0","TOP","SMD","RESISTOR","IPC-7351\Chip-R0402","RESC1005X40N"
"R17","10kOhm","335.00000","167.00000","0","TOP","SMD","RESISTOR","IPC-7351\Chip-R0402","RESC1005X40N"
"R18","1Ohm","257.00000","-678.00000","0","TOP","SMD","RESISTOR","IPC-7351\Chip-R0402","RESC1005X40N"
"R19","1Ohm","240.00000","-452.00000","135","TOP","SMD","RESISTOR","IPC-7351\Chip-R0402","RESC1005X40N"
"R20","100kOhm","738.00000","139.00000","0","TOP","SMD","RESISTOR","IPC-7351\Chip-R0402","RESC1005X40N"
"R21","10kOhm","669.00000","139.00000","0","TOP","SMD","RESISTOR","IPC-7351\Chip-R0402","RESC1005X40N"
"R22","1Ohm","-88.00000","-862.00000","90","TOP","SMD","RESISTOR","IPC-7351\Chip-R0402","RESC1005X40N"
"R23","1Ohm","-277.00000","-449.00000","90","TOP","SMD","RESISTOR","IPC-7351\Chip-R0402","RESC1005X40N"
"R24","100kOhm","244.00000","-163.00000","0","TOP","SMD","RESISTOR","IPC-7351\Chip-R0402","RESC1005X40N"
"R25","10kOhm","173.00000","-163.00000","0","TOP","SMD","RESISTOR","IPC-7351\Chip-R0402","RESC1005X40N"
"R26","1Ohm","-465.00000","-555.00000","315","TOP","SMD","RESISTOR","IPC-7351\Chip-R0402","RESC1005X40N"
"R27","1Ohm","-442.00000","-242.00000","225","TOP","SMD","RESISTOR","IPC-7351\Chip-R0402","RESC1005X40N"
"R28","100kOhm","-346.00000","164.00000","180","TOP","SMD","RESISTOR","IPC-7351\Chip-R0402","RESC1005X40N"
"R29","10kOhm","-346.00000","197.00000","0","TOP","SMD","RESISTOR","IPC-7351\Chip-R0402","RESC1005X40N"
"SW1","TacSwitch","568.00000","968.00000","330","TOP","SMD","TacSwitch","Ultiboard\TL3305","TL3305"
"U1","ATmega32U4","102.00000","383.00000","270","TOP","SMD","Atmel","Atmel\QFN-44","QFN50P700X700X80-45N"
"U2","AOZ1282","813.00000","652.99996","270","TOP","SMD","Buck","IPC-7351\TSOT23-6","SOT95P280X100-6N"
"U3","INA181","-253.83476","1098.42362","315","TOP","SMD","OpAmp","IPC-7351\SOT23-6","SOT95P280X145-6N"
"U4","RT9058-50GV","498.80319","250.32287","90","TOP","SMD","LDO","Zetex\SOT-89","SOT150P400X160-4N"
"U5","MCP6001T-I/OT","221.00000","1091.00000","90","TOP","SMD","OPAMP","Microchip\SOT-23-5(OT)","SOT95P284X122-5N"
"U6","ISL81487E","-524.00000","246.00000","180","TOP","SMD","Interfaces","IPC-7351\SOIC-8","SOIC127P600X175-8N"
"U7","USB","0.00000","1155.32283","180","TOP","MIXED","USB","Ultiboard\1051330011","1051330011"
"U8","LM5109","892.00000","-426.00000","180","TOP","SMD","FETDrivers","IPC-7351\SO-8","SOIC127P600X175-8N"
"U9","LM5109","-263.00000","-1007.00000","180","TOP","SMD","FETDrivers","IPC-7351\SO-8","SOIC127P600X175-8N"
"U10","LM5109","-900.00000","-478.00000","270","TOP","SMD","FETDrivers","IPC-7351\SO-8","SOIC127P600X175-8N"
"X1","16MHz","-229.00000","459.00000","90","TOP","SMD","CRYSTAL_SMT_Epson_TSX3225","Ultiboard\OSCSC230P320X250X80-4N","OSCSC230P320X250X80-4N"
