"Ultiboard Information Export File"

"Design Name  : Sensor - Part centroids"
"Report Date  : 26 November 2019"
"Report Time  : 17:12"
"--------------------------------------------------------------------------------"

"REFDES","VALUE","SHAPE","X_CENTRE[mil]","Y_CENTRE[mil]","ROT","SIDE","TYPE","DEVICE","PACKAGE"

"C1",".1uF","CAPC1005X60N","190.00000","-50.00000","90","BOTTOM","SMD","CAPACITOR","IPC-7351\Chip-C0402"
"C2",".1uF","CAPC1005X60N","19.68504","-125.00000","0","BOTTOM","SMD","CAPACITOR","IPC-7351\Chip-C0402"
"J1","HDR2X3","MLX90363-Daughter","0.00000","0.00000","0","TOP","THD","HEADERS_TEST","Ultiboard\MLX90363-Daughter"
"R1","10kOhm","RESC1005X40N","190.00000","50.00000","270","BOTTOM","SMD","RESISTOR","IPC-7351\Chip-R0402"
"U1","MLX90363","SOIC127P600X175-8N","19.68504","0.00000","180","BOTTOM","SMD","Sensors","IPC-7351\SOIC-8"
