"Ultiboard Information Export File"

"Design Name  : Driver - Part centroids"
"Report Date  : 28 October 2019"
"Report Time  : 16:29"
"--------------------------------------------------------------------------------"

"REFDES","VALUE","SHAPE","X_CENTRE[mil]","Y_CENTRE[mil]","ROT","SIDE","TYPE","DEVICE","PACKAGE","SCHEMATICVARIANTS","DONOTANNOTATE",,,

"+","TEST_PT_SMT","TP60ROMB","-731.00000","-774.00000","90","TOP","SMD","HEADERS_TEST","Generic\TEST_PT_SMT","",""
"-","TEST_PT_SMT","TP60ROMB","536.00000","-256.00000","90","TOP","SMD","HEADERS_TEST","Generic\TEST_PT_SMT","",""
"A","TEST_PT_SMT","TP60ROMB","25.00000","-750.00000","90","TOP","SMD","HEADERS_TEST","Generic\TEST_PT_SMT","",""
"B","TEST_PT_SMT","TP60ROMB","275.00000","-750.00000","90","TOP","SMD","HEADERS_TEST","Generic\TEST_PT_SMT","",""
"C","TEST_PT_SMT","TP60ROMB","-225.00000","-750.00000","90","TOP","SMD","HEADERS_TEST","Generic\TEST_PT_SMT","",""
"C1","1uF 6V","CAPC1005X60N","-290.00000","539.00000","0","TOP","SMD","CAPACITOR","IPC-7351\Chip-C0402","",""
"C2","1uF 6V","CAPC1005X60N","-515.00000","941.00000","180","TOP","SMD","CAPACITOR","IPC-7351\Chip-C0402","",""
"C3","1uF 6V","CAPC1005X60N","-890.00000","746.00000","180","TOP","SMD","CAPACITOR","IPC-7351\Chip-C0402","",""
"C4","1uF 6V","CAPC1005X60N","-429.00000","377.00000","180","TOP","SMD","CAPACITOR","IPC-7351\Chip-C0402","",""
"C5","0.1uF 6V","CAPC1005X60N","70.00000","614.00000","240","TOP","SMD","CAPACITOR","IPC-7351\Chip-C0402","",""
"C6","0.1uF 6V","CAPC1005X60N","30.00000","545.00000","60","TOP","SMD","CAPACITOR","IPC-7351\Chip-C0402","",""
"C7","1uF 6V","CAPC1005X60N","-271.00000","633.00000","270","TOP","SMD","CAPACITOR","IPC-7351\Chip-C0402","",""
"C8","1uF 6V","CAPC1005X60N","-310.00000","633.00000","270","TOP","SMD","CAPACITOR","IPC-7351\Chip-C0402","",""
"C9","12pF 6V","CAPC1005X60N","-693.00000","743.00000","90","BOTTOM","SMD","CAPACITOR","IPC-7351\Chip-C0402","",""
"C10","12pF 6V","CAPC1005X60N","-492.00000","751.00000","270","BOTTOM","SMD","CAPACITOR","IPC-7351\Chip-C0402","",""
"C11","0.1uF 6V","CAPC1005X60N","-501.00000","377.00000","180","TOP","SMD","CAPACITOR","IPC-7351\Chip-C0402","",""
"C12","0.1uF 16V","CAPC1005X60N","-929.99992","-514.99996","270","BOTTOM","SMD","CAPACITOR","IPC-7351\Chip-C0402","",""
"C13","4.7uF 50V","CAPC3216X180N","-681.00004","-422.00000","45","TOP","SMD","CAPACITOR","IPC-7351\Chip-C1206","",""
"C14","10uF 16V","CAPC2012X145N","-1071.00000","307.00000","270","TOP","SMD","CAPACITOR","IPC-7351\Chip-C0805","ISOLATED USB,NON-ISO USB,",""
"C15","10uF 6V","CAPC1608X95N","-946.00000","590.00000","180","TOP","SMD","CAPACITOR","IPC-7351\Chip-C0603","RS485,USB,",""
"C16","10uF 16V","CAPC2012X145N","-1018.00000","-381.99996","270","TOP","SMD","CAPACITOR","IPC-7351\Chip-C0805","RS485,USB,",""
"C17","0.1uF 6V","CAPC1005X60N","-290.00000","502.00000","0","TOP","SMD","CAPACITOR","IPC-7351\Chip-C0402","",""
"C18","0.1uF 6V","CAPC1005X60N","-663.00000","603.00000","270","BOTTOM","SMD","CAPACITOR","IPC-7351\Chip-C0402","",""
"C19","0.1uF 6V","CAPC1005X60N","466.00000","-47.00000","270","BOTTOM","SMD","CAPACITOR","IPC-7351\Chip-C0402","",""
"C20","0.1uF 6V","CAPC1005X60N","-463.99996","567.00000","270","BOTTOM","SMD","CAPACITOR","IPC-7351\Chip-C0402","",""
"C21","0.1uF 6V","CAPC1005X60N","1071.00000","329.00000","90","TOP","SMD","CAPACITOR","IPC-7351\Chip-C0402","ISOLATED USB,",""
"C22","10uF 6V","CAPC1608X95N","415.00000","174.00000","270","TOP","SMD","CAPACITOR","IPC-7351\Chip-C0603","ISOLATED USB,NON-ISO USB,",""
"C23","0.1uF 6V","CAPC1005X60N","448.00000","273.00000","60","TOP","SMD","CAPACITOR","IPC-7351\Chip-C0402","",""
"C24","0.1uF 6V","CAPC1005X60N","487.00000","338.00000","240","TOP","SMD","CAPACITOR","IPC-7351\Chip-C0402","",""
"C25","0.1uF 16V","CAPC1005X60N","-734.99996","-140.00000","180","BOTTOM","SMD","CAPACITOR","IPC-7351\Chip-C0402","",""
"C26","1uF 16V","CAPC1608X95N","-738.00000","0.00008","90","BOTTOM","SMD","CAPACITOR","IPC-7351\Chip-C0603","RS485,USB,",""
"C27","220uF 50V","CAPPR350-800X1150","-763.00000","-326.00000","180","BOTTOM","THD","CAP_ELECTROLIT","Ultiboard\CAPPR350-800X1150","ISOLATED USB,NON-ISO USB,",""
"C28","220uF 50V","CAPPR350-800X1150","67.56094","827.01902","270","BOTTOM","THD","CAP_ELECTROLIT","Ultiboard\CAPPR350-800X1150","ISOLATED USB,NON-ISO USB,",""
"C29","220uF 50V","CAPPR350-800X1150","682.43902","-472.01902","45","BOTTOM","THD","CAP_ELECTROLIT","Ultiboard\CAPPR350-800X1150","ISOLATED USB,NON-ISO USB,",""
"C30","10uF 50V","CAPC3216X180N","759.00000","259.00000","180","TOP","SMD","CAPACITOR","IPC-7351\Chip-C1206","RS485,USB,",""
"C31","10uF 50V","CAPC3216X180N","806.00000","-257.00000","180","TOP","SMD","CAPACITOR","IPC-7351\Chip-C1206","RS485,USB,",""
"C32","0.1uF 16V","CAPC1005X60N","-529.99996","-139.99996","180","BOTTOM","SMD","CAPACITOR","IPC-7351\Chip-C0402","",""
"C33","1uF 16V","CAPC1608X95N","-546.99996","0.00000","90","BOTTOM","SMD","CAPACITOR","IPC-7351\Chip-C0603","RS485,USB,",""
"C34","220uF 50V","CAPPR350-800X1150","-750.00000","355.00000","180","BOTTOM","THD","CAP_ELECTROLIT","Ultiboard\CAPPR350-800X1150","ISOLATED USB,NON-ISO USB,",""
"C35","220uF 50V","CAPPR350-800X1150","682.43902","472.01902","315","BOTTOM","THD","CAP_ELECTROLIT","Ultiboard\CAPPR350-800X1150","ISOLATED USB,NON-ISO USB,",""
"C36","220uF 50V","CAPPR350-800X1150","-568.00000","-598.00000","135","BOTTOM","THD","CAP_ELECTROLIT","Ultiboard\CAPPR350-800X1150","ISOLATED USB,NON-ISO USB,",""
"C37","10uF 50V","CAPC3216X180N","-489.00000","-642.00000","45","TOP","SMD","CAPACITOR","IPC-7351\Chip-C1206","RS485,USB,",""
"C38","10uF 50V","CAPC3216X180N","768.00000","-417.00000","135","TOP","SMD","CAPACITOR","IPC-7351\Chip-C1206","RS485,USB,",""
"C39","0.1uF 16V","CAPC1005X60N","-940.00000","-140.00000","180","BOTTOM","SMD","CAPACITOR","IPC-7351\Chip-C0402","",""
"C40","1uF 16V","CAPC1608X95N","-956.00000","0.00000","90","BOTTOM","SMD","CAPACITOR","IPC-7351\Chip-C0603","RS485,USB,",""
"C41","220uF 50V","CAPPR350-800X1150","817.00000","-166.00000","0","BOTTOM","THD","CAP_ELECTROLIT","Ultiboard\CAPPR350-800X1150","ISOLATED USB,NON-ISO USB,",""
"C42","220uF 50V","CAPPR350-800X1150","817.00000","166.00000","0","BOTTOM","THD","CAP_ELECTROLIT","Ultiboard\CAPPR350-800X1150","ISOLATED USB,NON-ISO USB,",""
"C43","220uF 50V","CAPPR350-800X1150","-268.00000","783.00000","270","BOTTOM","THD","CAP_ELECTROLIT","Ultiboard\CAPPR350-800X1150","ISOLATED USB,NON-ISO USB,",""
"C44","10uF 50V","CAPC3216X180N","586.00000","-503.00000","135","TOP","SMD","CAPACITOR","IPC-7351\Chip-C1206","RS485,USB,",""
"C45","10uF 50V","CAPC3216X180N","-648.00000","-537.00000","45","TOP","SMD","CAPACITOR","IPC-7351\Chip-C1206","RS485,USB,",""
"C46","1uF 6V","CAPC1005X60N","-748.00000","384.00000","0","TOP","SMD","CAPACITOR","IPC-7351\Chip-C0402","ISOLATED USB,NON-ISO USB,",""
"D1","1SMB51AT3G","DIOM5538X226N","849.99992","0.00000","180","TOP","SMD","TVS_DIODE_SMB_ON_Semi_1SMB","ON Semiconductor\DIOM5538X226N","",""
"D2","10BQ015","SOD-123F","-1011.49996","-274.00000","270","BOTTOM","SMD","Single","Ultiboard\SOD-123F","",""
"D3","10BQ015","SOD-123F","-1011.49996","-474.00000","90","BOTTOM","SMD","Single","Ultiboard\SOD-123F","",""
"D4","10BQ015","SOD-123F","-655.00000","-90.00000","90","BOTTOM","SMD","Single","Ultiboard\SOD-123F","ISOLATED USB,NON-ISO USB,",""
"D5","BYS10-45-E3/TR","DIOM5127X229N","-75.00000","-1015.00000","330","TOP","SMD","SCHOTTKY_DIODE","Vishay\DO-214AC(DO-214AC)","",""
"D6","BYS10-45-E3/TR","DIOM5127X229N","147.00000","-555.00000","90","TOP","SMD","SCHOTTKY_DIODE","Vishay\DO-214AC(DO-214AC)","",""
"D7","10BQ015","SOD-123F","-450.00000","-90.00000","90","BOTTOM","SMD","Single","Ultiboard\SOD-123F","ISOLATED USB,NON-ISO USB,",""
"D8","BYS10-45-E3/TR","DIOM5127X229N","250.00000","-1015.00000","90","TOP","SMD","SCHOTTKY_DIODE","Vishay\DO-214AC(DO-214AC)","RS485,USB,",""
"D9","BYS10-45-E3/TR","DIOM5127X229N","397.00000","-555.00000","90","TOP","SMD","SCHOTTKY_DIODE","Vishay\DO-214AC(DO-214AC)","",""
"D10","10BQ015","SOD-123F","-860.00000","-90.00000","90","BOTTOM","SMD","Single","Ultiboard\SOD-123F","ISOLATED USB,NON-ISO USB,",""
"D11","BYS10-45-E3/TR","DIOM5127X229N","-250.00000","-1014.99996","90","TOP","SMD","SCHOTTKY_DIODE","Vishay\DO-214AC(DO-214AC)","",""
"D12","BYS10-45-E3/TR","DIOM5127X229N","-102.99992","-555.00000","90","TOP","SMD","SCHOTTKY_DIODE","Vishay\DO-214AC(DO-214AC)","",""
"ISP","ISP","J-Link 6-pin","-451.75457","1039.14402","15","TOP","SMD","Ribbon","Ultiboard\J-Link 6-pin","",""
"J1","HDR1X2","WireToBoard-2","996.00000","166.00000","0","TOP","SMD","HEADERS_TEST","Ultiboard\WireToBoard-2","ISOLATED USB,NON-ISO USB,",""
"J2","HDR1X4","WireToBoard-4","565.00000","116.00000","180","TOP","SMD","HEADERS_TEST","Ultiboard\WireToBoard-4","",""
"J3","HDR1X6","HDR1x6_EDGE","-114.00000","651.00000","90","TOP","SMD","HEADERS_TEST","Ultiboard\HDR1x6_EDGE","ISOLATED USB,NON-ISO USB,",""
"J4","HDR1X2","HDR1X2","1140.00000","0.00004","270","TOP","THD","HEADERS_TEST","Generic\HDR1X2","",""
"L1","22uH","VLS5045EX","-882.00000","-499.00000","90","TOP","SMD","INDUCTOR","Ultiboard\VLS5045EX","",""
"LED1","LED","D0603","-245.00000","1020.00000","90","TOP","SMD","LED","Ultiboard\D0603","ISOLATED USB,NON-ISO USB,",""
"NB1","NETBRIDGE","NB-8","-733.00000","162.00000","270","TOP","UNKNOWN","","","","1"
"NB2","NETBRIDGE","NB-8","-726.00000","162.00000","270","TOP","UNKNOWN","","","","1"
"NB3","NETBRIDGE","NB-8","-719.00000","162.00000","270","TOP","UNKNOWN","","","","1"
"NB4","NETBRIDGE","NB-8","622.00000","-220.00000","90","TOP","UNKNOWN","","","","1"
"Q1","BUK7Y18-75B","TO127P600X120-5N","0.00004","-920.47240","270","BOTTOM","SMD","POWER_MOS_N","NXP Semiconductors\LFPAK-5(SOT669)","",""
"Q2","BUK7Y18-75B","TO127P600X120-5N","0.00000","-570.47240","270","BOTTOM","SMD","POWER_MOS_N","NXP Semiconductors\LFPAK-5(SOT669)","",""
"Q3","BUK7Y18-75B","TO127P600X120-5N","250.00000","-920.47244","270","BOTTOM","SMD","POWER_MOS_N","NXP Semiconductors\LFPAK-5(SOT669)","",""
"Q4","BUK7Y18-75B","TO127P600X120-5N","250.00000","-570.47244","270","BOTTOM","SMD","POWER_MOS_N","NXP Semiconductors\LFPAK-5(SOT669)","",""
"Q5","BUK7Y18-75B","TO127P600X120-5N","-250.00000","-920.47240","270","BOTTOM","SMD","POWER_MOS_N","NXP Semiconductors\LFPAK-5(SOT669)","",""
"Q6","BUK7Y18-75B","TO127P600X120-5N","-249.99996","-570.47244","270","BOTTOM","SMD","POWER_MOS_N","NXP Semiconductors\LFPAK-5(SOT669)","",""
"R1","1kOhm","RESC1005X40N","-443.00000","956.00000","0","TOP","SMD","RESISTOR","IPC-7351\Chip-R0402","",""
"R2","22Ohm","RESC1005X40N","124.00000","707.00000","240","TOP","SMD","RESISTOR","IPC-7351\Chip-R0402","",""
"R3","22Ohm","RESC1005X40N","148.00000","783.00000","180","TOP","SMD","RESISTOR","IPC-7351\Chip-R0402","",""
"R4","1kOhm","RESC1005X40N","-256.00000","926.00000","0","TOP","SMD","RESISTOR","IPC-7351\Chip-R0402","",""
"R5","100kOhm","RESC1005X40N","-809.99996","-664.00000","90","BOTTOM","SMD","RESISTOR","IPC-7351\Chip-R0402","",""
"R6","140kOhm","RESC1005X40N","-867.99992","-493.99996","0","BOTTOM","SMD","RESISTOR","IPC-7351\Chip-R0402","",""
"R7","10kOhm","RESC1005X40N","-874.00000","-533.00000","180","BOTTOM","SMD","RESISTOR","IPC-7351\Chip-R0402","",""
"R8","140kOhm","RESC1005X40N","-932.00000","656.00000","180","TOP","SMD","RESISTOR","IPC-7351\Chip-R0402","",""
"R9","100kOhm","RESC1005X40N","-932.00000","693.00000","0","TOP","SMD","RESISTOR","IPC-7351\Chip-R0402","",""
"R10","5mOhm","FCSL64","500.00000","-287.00000","225","BOTTOM","SMD","RESISTOR","Ultiboard\FCSL64","RS485,USB,",""
"R11","1kOhm","RESC1005X40N","-290.00000","465.00000","180","TOP","SMD","RESISTOR","IPC-7351\Chip-R0402","",""
"R12","100kOhm","RESC1005X40N","-309.99996","387.99996","90","TOP","SMD","RESISTOR","IPC-7351\Chip-R0402","",""
"R13","100kOhm","RESC1005X40N","-595.00000","190.00000","270","TOP","SMD","RESISTOR","IPC-7351\Chip-R0402","",""
"R14","10kOhm","RESC1005X40N","-271.00000","387.99996","270","TOP","SMD","RESISTOR","IPC-7351\Chip-R0402","",""
"R15","10kOhm","RESC1005X40N","-595.00000","295.00000","270","TOP","SMD","RESISTOR","IPC-7351\Chip-R0402","",""
"R16","10kOhm","RESC1005X40N","1071.00000","411.00000","90","TOP","SMD","RESISTOR","IPC-7351\Chip-R0402","",""
"R17","10Ohm","RESC1005X40N","531.00000","288.00000","90","TOP","SMD","RESISTOR","IPC-7351\Chip-R0402","",""
"R18","10Ohm","RESC1005X40N","568.00000","288.00000","90","TOP","SMD","RESISTOR","IPC-7351\Chip-R0402","",""
"R19","1kOhm","RESC1005X40N","5.00000","723.00000","90","TOP","SMD","RESISTOR","IPC-7351\Chip-R0402","RS485,USB,",""
"R20","1Ohm","RESC1005X40N","-460.00000","-310.00000","315","TOP","SMD","RESISTOR","IPC-7351\Chip-R0402","",""
"R21","1Ohm","RESC1005X40N","-490.00000","-340.00000","315","TOP","SMD","RESISTOR","IPC-7351\Chip-R0402","",""
"R22","100kOhm","RESC1005X40N","-515.00000","190.00000","270","TOP","SMD","RESISTOR","IPC-7351\Chip-R0402","",""
"R23","10kOhm","RESC1005X40N","-515.00000","295.00000","270","TOP","SMD","RESISTOR","IPC-7351\Chip-R0402","",""
"R24","1Ohm","RESC1005X40N","-400.00000","-250.00000","315","TOP","SMD","RESISTOR","IPC-7351\Chip-R0402","",""
"R25","1Ohm","RESC1005X40N","-430.00000","-280.00000","315","TOP","SMD","RESISTOR","IPC-7351\Chip-R0402","",""
"R26","100kOhm","RESC1005X40N","-475.00000","190.00000","270","TOP","SMD","RESISTOR","IPC-7351\Chip-R0402","",""
"R27","10kOhm","RESC1005X40N","-475.00000","295.00000","270","TOP","SMD","RESISTOR","IPC-7351\Chip-R0402","",""
"R28","1Ohm","RESC1005X40N","-520.00000","-370.00000","315","TOP","SMD","RESISTOR","IPC-7351\Chip-R0402","",""
"R29","1Ohm","RESC1005X40N","-550.00000","-400.00000","315","TOP","SMD","RESISTOR","IPC-7351\Chip-R0402","",""
"R30","100kOhm","RESC1005X40N","-555.00000","190.00000","270","TOP","SMD","RESISTOR","IPC-7351\Chip-R0402","",""
"R31","10kOhm","RESC1005X40N","-555.00000","295.00000","270","TOP","SMD","RESISTOR","IPC-7351\Chip-R0402","",""
"SW1","TacSwitch","TL3305","3.00000","1063.00000","0","TOP","SMD","TacSwitch","Ultiboard\TL3305","",""
"U1","ATmega32U4","TQFP80P1200X1200X120-44N","-592.00000","661.00000","180","TOP","SMD","Atmel","Altera\TQFP-44","RS485,USB,",""
"U2","ADUM3160BRWZ","SOIC127P1032X265-16N","315.00000","540.00000","150","TOP","SMD","Isolator","IPC-7351\SOIC-16W","",""
"U3","AOZ1282","SOT95P280X100-6N","-893.99992","-631.99996","270","BOTTOM","SMD","Buck","IPC-7351\TSOT23-6","",""
"U4","RT9058-50GV","SOT150P400X160-4N","-972.80319","468.67713","90","TOP","SMD","LDO","Zetex\SOT-89","RS485,USB,",""
"U5","INA181","SOT95P280X145-6N","574.01657","-50.01657","0","BOTTOM","SMD","OpAmp","IPC-7351\SOT23-6","",""
"U6","MCP6001T-I/OT","SOT95P284X122-5N","-563.99996","584.99996","0","BOTTOM","SMD","OPAMP","Microchip\SOT-23-5(OT)","",""
"U7","ISL81487E","SOIC127P600X175-8N","938.71654","380.50394","270","TOP","SMD","Interfaces","IPC-7351\SOIC-8","",""
"U8","SolderJumper","SolderBridge","496.00000","201.00000","90","TOP","SMD","SPECIAL","Ultiboard\SolderBridge","ISOLATED USB,NON-ISO USB,",""
"U9","USB","1051330011","833.00000","671.00000","130","TOP","MIXED","USB","Ultiboard\1051330011","",""
"U10","SolderJumper","SolderBridge","372.00000","576.00000","150","TOP","SMD","SPECIAL","Ultiboard\SolderBridge","ISOLATED USB,NON-ISO USB,",""
"U11","SolderJumper","SolderBridge","379.00000","670.00000","150","TOP","SMD","SPECIAL","Ultiboard\SolderBridge","ISOLATED USB,NON-ISO USB,",""
"U12","SolderJumper","SolderBridge","625.00000","201.00000","90","TOP","SMD","SPECIAL","Ultiboard\SolderBridge","ISOLATED USB,NON-ISO USB,",""
"U13","LM5109","SOIC127P600X175-8N","-714.99996","-49.99996","270","TOP","SMD","FETDrivers","IPC-7351\SO-8","RS485,USB,",""
"U14","LM5109","SOIC127P600X175-8N","-509.99996","-49.99996","270","TOP","SMD","FETDrivers","IPC-7351\SO-8","RS485,USB,",""
"U15","LM5109","SOIC127P600X175-8N","-920.00000","-50.00000","270","TOP","SMD","FETDrivers","IPC-7351\SO-8","RS485,USB,",""
"U18","1","4-40","-475.00000","-822.72409","0","TOP","UNKNOWN","","","","1"
"U19","1","4-40","-925.19681","216.53539","0","TOP","UNKNOWN","","","","1"
"U21","1","4-40","650.12358","-692.97626","0","TOP","UNKNOWN","","","","1"
"U22","1","4-40","650.12358","692.97626","0","TOP","UNKNOWN","","","","1"
"U23","1","4-40","275.07323","909.51165","0","TOP","UNKNOWN","","","","1"
"X1","16MHz","OSCSC230P320X250X80-4N","-592.00000","738.00000","0","BOTTOM","SMD","CRYSTAL_SMT_Epson_TSX3225","Epson Timing\OSCSC230P320X250X80-4N","ISOLATED USB,NON-ISO USB,",""
